expansion,angle
5.196683,10.717329
6.864234,9.838131
8.530668,9.227393
10.113627,8.684106
12.529105,8.003239
15.275692,7.723722
17.689494,7.445546
20.103018,7.234484
22.849326,7.022083
25.096178,6.878807
27.508864,6.869092
29.922108,6.725146
32.251877,6.648650
34.831235,6.571149
37.327117,6.561099
39.989670,6.483263
42.568469,6.539993
45.064631,6.462827
47.893297,6.451436
50.056395,6.442726