expansion,angle
5.212876,26.824646
6.458583,27.356543
7.455261,27.755214
8.369022,28.087105
10.279181,28.884782
11.524889,29.416678
12.854630,29.746894
14.184092,30.144225
15.264804,30.341216
17.924286,31.001647
20.168905,31.395290
22.579637,31.855384
24.991206,32.114129
27.319021,32.507440
29.980457,32.698065
32.558698,32.889030
34.970267,33.147771
37.714900,33.338061
40.043831,33.462911
43.037773,33.719311
45.200313,33.844831
47.529244,33.969681
48.776630,34.098886
50.107764,34.093526